{
  "Evil Geniuses": [1919.95, 29.7700, 0.0611694],
  "PSG.LGD": [1982.92, 29.5606, 0.0608337],
  "Virtus.pro": [1942.35, 31.9509, 0.0613334],
  "Quincy Crew": [1909.76, 33.9243, 0.0600339],
  "Invictus Gaming": [1855.88, 29.4009, 0.0608636],
  "T1": [1859.42, 34.9822, 0.0601351],
  "Vici Gaming": [1921.02, 27.8834, 0.0610360],
  "Team Secret": [1952.65, 33.9177, 0.0619903],
  "Team Aster": [1905.23, 30.3063, 0.0610012],
  "Alliance": [1856.95, 31.6181, 0.0607857],
  "beastcoast": [1765.43, 45.8481, 0.0600654],
  "Thunder Predator": [1802.97, 50.8185, 0.0605364],
  "Team Undying": [1896.29, 39.9136, 0.0599078],
  "SG esports": [1671.12, 46.9127, 0.0599634],
  "OG": [1875.35, 29.5236, 0.0609072],
  "Team Spirit": [1864.59, 30.8262, 0.0610027],
  "Elephant": [1892.76, 32.0012, 0.0602482],
  "Fnatic": [1835.81, 31.6030, 0.0611555]
}
