{
  "Alliance": [1848.65, 31.7904, 0.0607324],
  "Chaos Esports Club": [1789.66, 85.8877, 0.0599992],
  "Keen Gaming": [1808.26, 34.6741, 0.0608590],
  "Mineski": [1786.63, 35.4217, 0.0612985],
  "Newbee": [1846.93, 37.6480, 0.0602308],
  "PSG.LGD": [1962.31, 32.1932, 0.0605207],
  "Team Liquid": [1935.61, 31.6523, 0.0606019],
  "Team Secret": [2015.99, 31.9248, 0.0608557],
  "TNC Predator": [1876.84, 33.4120, 0.0604257],
  "Evil Geniuses": [1941.16, 33.3456, 0.0608028],
  "Fnatic": [1893.94, 33.0018, 0.0607272],
  "Infamous": [1703.93, 35.9233, 0.0605022],
  "Natus Vincere": [1803.85, 34.4010, 0.0608241],
  "Ninjas in Pyjamas": [1869.04, 33.4619, 0.0598857],
  "OG": [1888.51, 33.6636, 0.0600333],
  "Royal Never Give Up": [1824.36, 35.9064, 0.0602195],
  "Vici Gaming": [1950.34, 31.6769, 0.0611146],
  "Virtus.pro": [1958.44, 31.8534, 0.0607947]
}
