{
  "Winstrike Team": [1903.07, 49.2063, 0.0600744],
  "Fnatic": [1866.54, 33.8592, 0.0607129],
  "PSG.LGD": [1944.16, 32.8123, 0.0606444],
  "Mineski": [1868.11, 34.6137, 0.0609585],
  "Evil Geniuses": [1905.95, 34.8310, 0.0604795],
  "VGJ.Thunder": [1828.42, 34.9156, 0.0599525],
  "Team Liquid": [1967.71, 31.2533, 0.0605018],
  "OG": [1896.04, 36.1018, 0.0599005],
  "Invictus Gaming": [1807.21, 36.4439, 0.0603979],
  "Vici Gaming": [1875.47, 34.6087, 0.0609486],
  "paiN Gaming": [1737.14, 35.9347, 0.0606169],
  "Team Serenity": [1773.05, 84.4654, 0.0600788],
  "OpTic Gaming": [1871.62, 33.0837, 0.0599551],
  "Virtus.pro": [1968.10, 31.0969, 0.0609091],
  "TNC Predator": [1857.46, 34.3643, 0.0602923],
  "VGJ.Storm": [1933.59, 42.9244, 0.0600778],
  "Team Secret": [1930.87, 33.8442, 0.0607737],
  "Newbee": [1875.71, 33.7873, 0.0611644]
}
