{
  "Evil Geniuses": [1907.32, 32.0010, 0.0603716],
  "Team Liquid": [1926.51, 32.6465, 0.0604004],
  "Team Secret": [1893.66, 34.9972, 0.0604538],
  "Team Empire": [1815.75, 35.6639, 0.0602154],
  "LGD": [1843.36, 32.2828, 0.0602022],
  "TNC Pro Team": [1807.99, 34.8040, 0.0601498],
  "Fnatic": [1760.85, 36.1070, 0.0605889],
  "Infamous": [1682.38, 39.3092, 0.0602066],
  "iG Vitality": [1769.80, 35.9265, 0.0603518],
  "Invictus Gaming": [1863.42, 32.5601, 0.0604374],
  "Virtus.pro": [1925.89, 32.9389, 0.0606829],
  "OG": [1893.38, 32.3199, 0.0599523],
  "Newbee": [1879.35, 32.9175, 0.0612223],
  "Cloud9": [1776.51, 37.3892, 0.0599142],
  "Execration": [1667.93, 35.4202, 0.0601356],
  "HellRaisers": [1641.38, 40.8176, 0.0604659],
  "LGD.Forever Young": [1835.76, 34.0020, 0.0601931],
  "Digital Chaos": [1849.08, 33.1156, 0.0600948]
}
